boundaries,labels
0.37151927437641724,4.0
20.897959183673468,3.0
34.411972789115644,3.0
72.35337868480725,0.0
86.42467120181406,3.0
103.37523809523809,3.0
132.86458049886622,0.0
144.84607709750566,0.0
176.84317460317462,3.0
212.36970521541951,1.0
251.0077097505669,2.0
251.03673469387755,4.0
