boundaries,labels
0.7894784580498866,3.0
33.80825396825397,2.0
40.96,1.0
75.00045351473923,0.0
82.10575963718821,1.0
116.19265306122449,0.0
136.02249433106576,2.0
144.66031746031746,1.0
145.6819954648526,1.0
181.85868480725622,1.0
181.89061224489797,3.0
