boundaries,labels
0.4179591836734694,4.0
33.25097505668934,3.0
50.991020408163266,3.0
66.64126984126985,1.0
92.18321995464852,2.0
108.39074829931972,3.0
126.13079365079365,3.0
140.8522448979592,1.0
168.9019501133787,2.0
206.98267573696145,0.0
230.9921088435374,2.0
269.7229931972789,0.0
269.74040816326533,4.0
