boundaries,labels
0.4179591836734694,4.0
33.25097505668934,2.0
50.991020408163266,0.0
66.64126984126985,0.0
92.18321995464852,0.0
108.39074829931972,0.0
126.13079365079365,0.0
140.8522448979592,0.0
168.9019501133787,0.0
206.98267573696145,0.0
230.9921088435374,0.0
269.7229931972789,3.0
269.74040816326533,4.0
