boundaries,labels
0.7430385487528345,3.0
30.278820861678003,1.0
50.20154195011338,0.0
69.1025850340136,0.0
82.94167800453515,0.0
108.99446712018141,0.0
131.47138321995465,0.0
146.61079365079365,2.0
176.61097505668934,0.0
176.6138775510204,3.0
