boundaries,labels
3.3436734693877552,4.0
16.671927437641724,3.0
55.40281179138322,3.0
80.9447619047619,0.0
107.27619047619048,2.0
131.56426303854875,0.0
147.4467120181406,1.0
162.02884353741496,2.0
182.69460317460317,0.0
201.13124716553287,0.0
222.1685260770975,1.0
222.17142857142858,4.0
