boundaries,labels
3.3436734693877552,4.0
16.671927437641724,3.0
55.40281179138322,1.0
80.9447619047619,1.0
107.27619047619048,0.0
131.56426303854875,0.0
147.4467120181406,0.0
162.02884353741496,0.0
182.69460317460317,1.0
201.13124716553287,1.0
222.1685260770975,0.0
222.17142857142858,4.0
