boundaries,labels
0.4179591836734694,10.0
15.000090702947846,4.0
34.78349206349206,4.0
50.991020408163266,5.0
69.75274376417234,4.0
82.29151927437641,2.0
112.01306122448979,4.0
126.64163265306122,7.0
141.78104308390022,4.0
154.83065759637188,9.0
198.11265306122448,4.0
208.56163265306122,2.0
209.0724716553288,1.0
225.28,0.0
238.84045351473924,6.0
245.06340136054422,3.0
251.33278911564625,4.0
269.7229931972789,8.0
269.74040816326533,10.0
