boundaries,labels
0.4179591836734694,4.0
16.068208616780044,0.0
37.430566893424036,0.0
49.412063492063496,0.0
52.569977324263036,2.0
64.55147392290249,1.0
84.89215419501134,3.0
112.01306122448979,3.0
126.64163265306122,0.0
127.1524716553288,2.0
138.39092970521543,1.0
164.21151927437643,3.0
180.37260770975055,0.0
188.22095238095238,0.0
196.5336961451247,0.0
228.90231292517007,3.0
229.4595918367347,2.0
240.93024943310658,0.0
269.7229931972789,3.0
269.74040816326533,4.0
