boundaries,labels
0.4179591836734694,4.0
25.402630385487527,3.0
38.40580498866213,1.0
50.43374149659864,1.0
74.39673469387755,0.0
88.37514739229024,1.0
105.92943310657597,3.0
135.92961451247166,0.0
146.42503401360545,2.0
182.92680272108842,0.0
196.90521541950113,1.0
213.90222222222224,1.0
235.54321995464852,3.0
235.5461224489796,4.0
