boundaries,labels
0.4179591836734694,5.0
25.402630385487527,1.0
38.40580498866213,2.0
50.43374149659864,2.0
74.39673469387755,4.0
88.37514739229024,2.0
105.92943310657597,2.0
135.92961451247166,3.0
146.42503401360545,1.0
182.92680272108842,4.0
196.90521541950113,2.0
213.90222222222224,4.0
235.54321995464852,4.0
235.5461224489796,5.0
