boundaries,labels
0.7894784580498866,3.0
8.916462585034013,2.0
38.91664399092971,2.0
56.19229024943311,1.0
73.46793650793651,0.0
96.8736507936508,0.0
114.1492970521542,0.0
146.70367346938775,0.0
165.51183673469387,0.0
181.85868480725622,0.0
181.89061224489797,3.0
