boundaries,labels
0.3250793650793651,5.0
6.130068027210885,1.0
38.49868480725623,1.0
49.73714285714286,4.0
62.69387755102041,4.0
89.30394557823129,4.0
100.58884353741496,4.0
112.47746031746031,4.0
123.39083900226757,4.0
131.56426303854875,4.0
142.15256235827664,4.0
158.1278911564626,1.0
176.88961451247167,3.0
188.8711111111111,4.0
204.05696145124716,3.0
204.06857142857143,5.0
