boundaries,labels
0.09287981859410431,5.0
19.22612244897959,4.0
35.247891156462586,2.0
60.929160997732424,2.0
71.47102040816327,3.0
91.20798185941042,3.0
121.53324263038549,2.0
156.0845351473923,3.0
170.66666666666666,2.0
196.2550566893424,3.0
196.25795918367348,5.0
