boundaries,labels
0.4179591836734694,10.0
25.402630385487527,3.0
40.40272108843537,3.0
50.89814058956916,4.0
61.44,3.0
61.90439909297052,1.0
70.40290249433106,6.0
74.39673469387755,5.0
106.90467120181405,3.0
117.4465306122449,7.0
121.9047619047619,4.0
127.89551020408163,0.0
147.4467120181406,9.0
154.4126984126984,3.0
165.41895691609977,7.0
173.91746031746032,8.0
182.92680272108842,8.0
194.9082993197279,3.0
214.4130612244898,4.0
235.54321995464852,3.0
235.5461224489796,10.0
