boundaries,labels
0.7430385487528345,5.0
17.600725623582765,4.0
65.38739229024944,3.0
89.76834467120182,3.0
105.69723356009071,3.0
137.60145124716553,1.0
151.16190476190476,2.0
175.54285714285714,2.0
199.13433106575962,3.0
199.15755102040816,5.0
