boundaries,labels
0.5572789115646258,4.0
16.39328798185941,0.0
27.956825396825398,2.0
42.53895691609977,0.0
68.68462585034014,1.0
83.26675736961451,3.0
96.54857142857144,2.0
111.54866213151928,0.0
137.27637188208618,1.0
151.8120634920635,3.0
162.957641723356,2.0
185.202358276644,0.0
185.20816326530613,4.0
