boundaries,labels
0.46439909297052157,4
39.334603174603174,1
44.90739229024943,3
91.02222222222223,0
98.2204081632653,2
134.30421768707484,0
163.23628117913833,1
213.57714285714286,0
