boundaries,labels
0.46439909297052157,4.0
39.334603174603174,1.0
44.90739229024943,3.0
91.02222222222223,2.0
98.2204081632653,3.0
134.30421768707484,2.0
163.23628117913833,1.0
213.57714285714286,2.0
