boundaries,labels
3.3436734693877552,8.0
28.65342403628118,1.0
57.2604081632653,6.0
82.05931972789115,3.0
103.65387755102041,0.0
132.16798185941042,4.0
160.8214058956916,5.0
185.75963718820861,2.0
222.1685260770975,7.0
222.17142857142858,8.0
