boundaries,labels
3.3436734693877552,5.0
28.65342403628118,3.0
57.2604081632653,3.0
82.05931972789115,4.0
103.65387755102041,4.0
132.16798185941042,1.0
160.8214058956916,4.0
185.75963718820861,3.0
222.1685260770975,4.0
222.17142857142858,5.0
