boundaries,labels
3.3436734693877552,4.0
28.65342403628118,3.0
57.2604081632653,3.0
82.05931972789115,0.0
103.65387755102041,1.0
132.16798185941042,0.0
160.8214058956916,2.0
185.75963718820861,0.0
222.1685260770975,1.0
222.17142857142858,4.0
