boundaries,labels
6.965986394557823,4.0
21.966077097505668,1.0
69.0097052154195,3.0
122.22984126984127,0.0
139.41260770975057,1.0
154.83065759637188,1.0
178.84009070294783,1.0
182.23020408163265,2.0
250.35755102040815,0.0
