boundaries,labels
0.7430385487528345,10.0
30.882539682539683,1.0
32.13641723356009,0.0
68.54530612244898,9.0
69.65986394557824,4.0
81.13052154195012,8.0
81.73424036281179,2.0
141.1308843537415,7.0
155.80589569160998,6.0
176.61097505668934,5.0
176.6138775510204,10.0
