boundaries,labels
6.965986394557823,10.0
31.811337868480727,2.0
41.703038548752836,2.0
45.55755102040816,2.0
67.38430839002268,2.0
87.95718820861678,8.0
101.2390022675737,3.0
118.37532879818595,0.0
135.51165532879818,2.0
158.68517006802722,2.0
167.69451247165532,2.0
185.24879818594104,2.0
197.64825396825398,6.0
202.80308390022677,4.0
214.36662131519273,9.0
228.53079365079364,5.0
250.35755102040815,7.0
