boundaries,labels
0.23219954648526078,5.0
9.241541950113378,1.0
42.67827664399093,4.0
78.34412698412699,3.0
112.75609977324262,3.0
148.37551020408162,3.0
181.3014058956916,4.0
216.36353741496598,3.0
242.27700680272108,4.0
242.31183673469388,5.0
