boundaries,labels
0.23219954648526078,4.0
9.241541950113378,0.0
42.67827664399093,3.0
78.34412698412699,2.0
112.75609977324262,1.0
148.37551020408162,2.0
181.3014058956916,1.0
216.36353741496598,2.0
242.27700680272108,1.0
242.31183673469388,4.0
