boundaries,labels
0.3250793650793651,10.0
9.798820861678005,0.0
24.61315192743764,0.0
48.48326530612245,2.0
62.136598639455784,6.0
74.3502947845805,3.0
105.46503401360545,4.0
140.0627664399093,9.0
152.1835827664399,1.0
163.56136054421768,8.0
177.26113378684806,7.0
188.26739229024943,3.0
199.2736507936508,9.0
217.5245351473923,5.0
281.61160997732424,0.0
281.6261224489796,10.0
