boundaries,labels
0.3250793650793651,3.0
6.130068027210885,2.0
38.49868480725623,1.0
49.73714285714286,1.0
62.69387755102041,0.0
89.30394557823129,0.0
100.58884353741496,0.0
112.47746031746031,0.0
123.39083900226757,0.0
131.56426303854875,0.0
142.15256235827664,0.0
158.1278911564626,2.0
176.88961451247167,1.0
188.8711111111111,0.0
204.05696145124716,0.0
204.06857142857143,3.0
