boundaries,labels
0.8359183673469388,10.0
31.950657596371883,8.0
41.9352380952381,5.0
70.35646258503401,3.0
74.53605442176871,4.0
96.13061224489796,6.0
101.37832199546486,3.0
112.43102040816326,2.0
117.16789115646259,0.0
128.26702947845806,3.0
133.51473922902494,9.0
156.13097505668935,3.0
160.3570068027211,3.0
170.89886621315193,2.0
176.14657596371882,3.0
188.22095238095238,7.0
207.77215419501132,3.0
207.77795918367346,10.0
