boundaries,labels
0.7430385487528345,4.0
18.52952380952381,0.0
39.14884353741497,1.0
52.75573696145125,0.0
58.83936507936508,3.0
81.8271201814059,1.0
93.99437641723355,0.0
99.61360544217688,3.0
113.68489795918367,0.0
119.30412698412698,3.0
138.06585034013605,2.0
145.07827664399093,3.0
170.85242630385488,1.0
199.13433106575962,1.0
199.15755102040816,4.0
