boundaries,labels
0.7430385487528345,5
13.374693877551021,1
19.458321995464853,2
113.68489795918367,4
118.37532879818595,2
139.45904761904762,3
169.4592290249433,2
199.13433106575962,4
199.15755102040816,5
