boundaries,labels
0.7430385487528345,4.0
18.06512471655329,2.0
39.613242630385486,1.0
53.22013605442177,1.0
58.37496598639456,0.0
82.29151927437641,0.0
94.45877551020408,1.0
99.14920634920635,0.0
114.1492970521542,0.0
118.37532879818595,3.0
137.60145124716553,3.0
146.00707482993198,1.0
170.38802721088436,2.0
199.13433106575962,0.0
199.15755102040816,4.0
