boundaries,labels
0.7430385487528345,10.0
16.62548752834467,2.0
39.14884353741497,7.0
52.291337868480724,5.0
53.22013605442177,6.0
82.29151927437641,9.0
95.85197278911565,8.0
96.31637188208617,1.0
116.4712925170068,4.0
118.37532879818595,2.0
138.06585034013605,4.0
199.13433106575962,3.0
199.15755102040816,10.0
