boundaries,labels
0.5108390022675737,10.0
16.021768707482995,6.0
26.006349206349206,1.0
35.99092970521542,4.0
46.021950113378686,5.0
84.14911564625851,9.0
101.00680272108843,7.0
111.0378231292517,5.0
152.88018140589568,1.0
154.18049886621316,8.0
169.13414965986394,1.0
170.38802721088436,2.0
170.99174603174603,3.0
191.0073469387755,1.0
231.8744671201814,1.0
231.88897959183674,10.0
