boundaries,labels
0.5108390022675737,4.0
16.021768707482995,1.0
26.006349206349206,1.0
35.99092970521542,1.0
46.021950113378686,1.0
84.14911564625851,0.0
101.00680272108843,1.0
111.0378231292517,1.0
152.88018140589568,0.0
154.18049886621316,3.0
169.13414965986394,0.0
170.38802721088436,3.0
170.99174603174603,3.0
191.0073469387755,2.0
231.8744671201814,0.0
231.88897959183674,4.0
