boundaries,labels
0.603718820861678,10.0
12.213696145124716,9.0
29.860861678004536,6.0
39.613242630385486,0.0
75.2326530612245,4.0
92.87981859410431,6.0
102.5857596371882,0.0
150.23310657596372,7.0
171.96698412698413,3.0
172.33850340136055,2.0
191.8897052154195,6.0
198.577052154195,6.0
201.5956462585034,8.0
229.5524716553288,5.0
229.59020408163266,10.0
