boundaries,labels
0.603718820861678,4.0
12.213696145124716,0.0
29.860861678004536,0.0
39.613242630385486,2.0
75.2326530612245,3.0
92.87981859410431,0.0
102.5857596371882,2.0
150.23310657596372,3.0
171.96698412698413,0.0
172.33850340136055,1.0
191.8897052154195,0.0
198.577052154195,2.0
201.5956462585034,1.0
229.5524716553288,3.0
229.59020408163266,4.0
