boundaries,labels
0.4179591836734694,10.0
17.600725623582765,0.0
84.38131519274377,5.0
86.47111111111111,1.0
89.5825850340136,3.0
90.60426303854875,6.0
159.52108843537414,4.0
161.61088435374148,5.0
164.722358276644,3.0
165.74403628117915,2.0
226.30167800453515,7.0
228.3914739229025,5.0
231.50294784580498,9.0
232.57106575963718,2.0
269.7229931972789,8.0
269.74040816326533,10.0
