boundaries,labels
0.7430385487528345,4.0
18.99392290249433,2.0
38.22004535147392,1.0
62.136598639455784,1.0
80.8518820861678,0.0
116.98213151927438,1.0
138.9946485260771,3.0
160.07836734693876,1.0
176.00725623582767,1.0
199.13433106575962,0.0
199.15755102040816,4.0
