boundaries,labels
0.7430385487528345,5.0
18.99392290249433,3.0
38.22004535147392,1.0
62.136598639455784,2.0
80.8518820861678,1.0
116.98213151927438,1.0
138.9946485260771,2.0
160.07836734693876,4.0
176.00725623582767,4.0
199.13433106575962,1.0
199.15755102040816,5.0
