boundaries,labels
0.7894784580498866,4.0
19.59764172335601,3.0
34.319092970521545,1.0
39.938321995464854,1.0
72.95709750566894,2.0
84.14911564625851,1.0
115.68181405895692,2.0
146.70367346938775,0.0
181.85868480725622,2.0
181.89061224489797,4.0
