boundaries,labels
10.402539682539683,4.0
23.034195011337868,0.0
34.411972789115644,3.0
75.46485260770974,1.0
162.53968253968253,2.0
170.80598639455783,3.0
189.52126984126983,1.0
250.3111111111111,1.0
250.33142857142857,4.0
