boundaries,labels
10.402539682539683,4.0
23.034195011337868,1.0
33.761814058956915,1.0
76.06857142857143,1.0
163.18984126984128,2.0
167.64807256235827,3.0
189.52126984126983,3.0
250.3111111111111,3.0
250.33142857142857,4.0
