boundaries,labels
10.402539682539683,9.0
51.45541950113379,8.0
60.279002267573695,5.0
65.34095238095239,2.0
112.66321995464853,0.0
122.83356009070295,3.0
163.18984126984128,6.0
192.8649433106576,4.0
250.3111111111111,7.0
250.33142857142857,9.0
