boundaries,labels
10.402539682539683,4.0
58.42140589569161,0.0
79.87664399092971,1.0
111.36290249433107,1.0
121.53324263038549,1.0
163.18984126984128,2.0
194.21170068027212,3.0
250.3111111111111,2.0
250.33142857142857,4.0
