boundaries,labels
0.3250793650793651,3.0
24.19519274376417,2.0
26.888707482993198,2.0
48.854784580498865,0.0
74.3502947845805,0.0
95.9912925170068,0.0
123.71591836734694,0.0
150.27954648526077,0.0
178.74721088435373,0.0
196.6265759637188,0.0
214.45950113378686,0.0
217.10657596371883,0.0
229.64535147392291,0.0
253.56190476190477,0.0
281.61160997732424,0.0
281.6261224489796,3.0
