boundaries,labels
10.402539682539683,5.0
21.78031746031746,1.0
41.98167800453515,3.0
59.675283446712015,4.0
120.27936507936508,2.0
142.38476190476192,2.0
161.33224489795919,2.0
193.56154195011337,4.0
217.57097505668935,2.0
250.3111111111111,2.0
250.33142857142857,5.0
