boundaries,labels
0.5572789115646258,4.0
3.111473922902494,1.0
15.51092970521542,0.0
26.656507936507936,2.0
42.53895691609977,0.0
69.52054421768707,3.0
83.68471655328798,0.0
95.66621315192744,2.0
111.96662131519274,0.0
137.69433106575963,3.0
151.8120634920635,0.0
164.67591836734695,2.0
185.202358276644,0.0
185.20816326530613,4.0
