boundaries,labels
0.5572789115646258,4.0
3.111473922902494,3.0
15.51092970521542,3.0
26.656507936507936,0.0
42.53895691609977,0.0
69.52054421768707,0.0
83.68471655328798,2.0
95.66621315192744,0.0
111.96662131519274,0.0
137.69433106575963,0.0
151.8120634920635,2.0
164.67591836734695,0.0
185.202358276644,0.0
185.20816326530613,4.0
