boundaries,labels
0.8359183673469388,3.0
31.950657596371883,1.0
41.37795918367347,1.0
70.35646258503401,0.0
74.53605442176871,2.0
96.13061224489796,2.0
100.86748299319729,2.0
112.43102040816326,0.0
117.16789115646259,2.0
128.26702947845806,0.0
133.51473922902494,2.0
156.13097505668935,2.0
160.3570068027211,2.0
170.89886621315193,0.0
176.14657596371882,2.0
188.22095238095238,0.0
207.77215419501132,2.0
207.77795918367346,3.0
