boundaries,labels
0.8359183673469388,4.0
31.393378684807256,0.0
41.9352380952381,1.0
52.98793650793651,3.0
57.72480725623583,1.0
69.84562358276644,3.0
78.76208616780045,1.0
95.61977324263039,0.0
101.37832199546486,1.0
111.92018140589569,3.0
117.72517006802721,1.0
127.70975056689342,3.0
134.0255782312925,1.0
155.62013605442178,2.0
160.86784580498866,1.0
170.3415873015873,3.0
176.6574149659864,1.0
187.7101133786848,3.0
207.77215419501132,0.0
207.77795918367346,4.0
