boundaries,labels
0.7894784580498866,5.0
16.532607709750568,2.0
27.213786848072562,1.0
40.96,1.0
73.97877551020409,3.0
81.59492063492064,3.0
114.66013605442177,3.0
122.7871201814059,2.0
130.96054421768707,1.0
146.70367346938775,2.0
175.6821768707483,3.0
181.85868480725622,4.0
181.89061224489797,5.0
