boundaries,labels
0.7894784580498866,4.0
16.532607709750568,1.0
27.213786848072562,3.0
40.96,1.0
73.97877551020409,2.0
81.59492063492064,1.0
114.66013605442177,2.0
122.7871201814059,3.0
130.96054421768707,3.0
146.70367346938775,1.0
175.6821768707483,2.0
181.85868480725622,0.0
181.89061224489797,4.0
