boundaries,labels
0.46439909297052157,8.0
24.33451247165533,6.0
44.90739229024943,4.0
83.68471655328798,0.0
99.89224489795919,5.0
134.86149659863946,3.0
160.4498866213152,7.0
213.57714285714286,2.0
