boundaries,labels
0.46439909297052157,4.0
24.33451247165533,3.0
44.90739229024943,3.0
83.68471655328798,0.0
99.89224489795919,1.0
134.86149659863946,0.0
160.4498866213152,2.0
213.57714285714286,0.0
