boundaries,labels
6.965986394557823,4.0
23.26639455782313,1.0
67.80226757369614,2.0
96.50213151927437,0.0
126.54875283446712,0.0
141.08444444444444,3.0
154.83065759637188,3.0
168.1124716553288,3.0
181.3942857142857,1.0
207.53995464852608,0.0
250.35755102040815,0.0
