boundaries,labels
0.3250793650793651,4.0
24.98467120181406,2.0
49.27274376417233,0.0
72.02829931972789,2.0
99.00988662131519,0.0
100.1708843537415,3.0
152.1835827664399,1.0
175.31065759637187,2.0
201.13124716553287,0.0
204.2427210884354,3.0
255.8374603174603,1.0
281.61160997732424,2.0
281.6261224489796,4.0
