boundaries,labels
0.5572789115646258,5.0
12.956734693877552,2.0
27.956825396825398,3.0
41.23863945578231,4.0
55.82077097505669,2.0
69.9849433106576,3.0
82.84879818594105,1.0
96.54857142857144,3.0
109.36598639455782,4.0
125.66639455782312,3.0
137.69433106575963,3.0
148.37551020408162,1.0
163.79356009070295,2.0
172.80290249433108,4.0
185.202358276644,4.0
185.20816326530613,5.0
