boundaries,labels
0.5572789115646258,4.0
12.956734693877552,3.0
27.956825396825398,0.0
41.23863945578231,1.0
55.82077097505669,0.0
69.9849433106576,0.0
82.84879818594105,2.0
96.54857142857144,0.0
109.36598639455782,1.0
125.66639455782312,0.0
137.69433106575963,3.0
148.37551020408162,2.0
163.79356009070295,0.0
172.80290249433108,1.0
185.202358276644,2.0
185.20816326530613,4.0
