boundaries,labels
0.4179591836734694,4.0
33.25097505668934,1.0
50.991020408163266,2.0
66.64126984126985,1.0
92.18321995464852,3.0
108.39074829931972,1.0
126.13079365079365,2.0
140.8522448979592,1.0
168.9019501133787,3.0
206.98267573696145,3.0
230.9921088435374,3.0
269.7229931972789,3.0
269.74040816326533,4.0
