boundaries,labels
0.7430385487528345,8.0
11.19201814058957,7.0
45.464671201814056,0.0
67.9415873015873,3.0
90.27918367346939,6.0
129.79954648526078,4.0
149.6758276643991,5.0
176.61097505668934,2.0
176.6138775510204,8.0
