boundaries,labels
0.7430385487528345,4.0
11.19201814058957,3.0
45.464671201814056,1.0
67.9415873015873,0.0
90.27918367346939,1.0
129.79954648526078,2.0
149.6758276643991,0.0
176.61097505668934,0.0
176.6138775510204,4.0
