boundaries,labels
0.7430385487528345,5.0
11.19201814058957,2.0
45.464671201814056,2.0
67.9415873015873,1.0
90.27918367346939,3.0
129.79954648526078,4.0
149.6758276643991,3.0
176.61097505668934,1.0
176.6138775510204,5.0
