boundaries,labels
0.4179591836734694,5.0
40.820680272108845,1.0
48.204625850340136,1.0
50.991020408163266,1.0
53.777414965986395,1.0
57.492607709750565,1.0
88.70022675736962,3.0
100.77460317460317,4.0
101.2390022675737,4.0
101.70340136054422,4.0
102.16780045351474,4.0
108.71582766439909,4.0
111.45578231292517,4.0
116.61061224489796,4.0
153.3445804988662,3.0
183.99492063492065,2.0
186.3633560090703,3.0
191.47174603174602,2.0
197.97333333333333,1.0
241.71972789115645,3.0
241.76326530612246,5.0
