boundaries,labels
0.3250793650793651,10.0
19.783401360544218,8.0
21.083718820861677,1.0
33.715374149659866,8.0
37.8485260770975,2.0
41.88879818594104,0.0
63.715555555555554,5.0
69.52054421768707,3.0
87.260589569161,9.0
90.6507029478458,3.0
101.2390022675737,3.0
104.30403628117914,6.0
142.52408163265306,9.0
152.83374149659863,7.0
161.1000453514739,3.0
177.26113378684806,0.0
180.3261678004535,3.0
193.28290249433107,4.0
204.05696145124716,3.0
204.06857142857143,10.0
