boundaries,labels
0.3250793650793651,4.0
34.08689342403628,2.0
37.477006802721085,1.0
42.26031746031746,1.0
63.39047619047619,0.0
69.89206349206349,1.0
86.88907029478457,3.0
90.97578231292518,0.0
100.91392290249433,0.0
104.6291156462585,0.0
141.82748299319726,0.0
153.158820861678,2.0
161.42512471655328,0.0
176.88961451247167,1.0
180.65124716553288,0.0
193.60798185941044,0.0
204.05696145124716,0.0
204.06857142857143,4.0
