boundaries,labels
0.37151927437641724,4.0
10.356099773242631,3.0
34.87637188208617,3.0
108.39074829931972,0.0
177.3540136054422,0.0
199.3665306122449,1.0
231.41006802721088,1.0
251.0077097505669,2.0
251.03673469387755,4.0
