boundaries,labels
0.37151927437641724,5.0
10.356099773242631,1.0
34.87637188208617,1.0
108.39074829931972,4.0
177.3540136054422,3.0
199.3665306122449,2.0
231.41006802721088,2.0
251.0077097505669,2.0
251.03673469387755,5.0
