boundaries,labels
0.23219954648526078,4.0
17.22920634920635,2.0
19.365442176870747,3.0
49.08698412698413,3.0
81.92,0.0
86.51755102040816,3.0
150.79038548752834,3.0
188.22095238095238,1.0
209.9548299319728,0.0
217.38521541950112,0.0
242.27700680272108,1.0
242.31183673469388,4.0
