boundaries,labels
0.23219954648526078,4.0
18.808163265306124,3.0
52.291337868480724,3.0
58.142766439909295,1.0
62.87963718820862,1.0
71.37814058956916,1.0
79.36580498866213,1.0
86.51755102040816,1.0
128.220589569161,2.0
133.00390022675737,1.0
147.86467120181405,1.0
191.93614512471655,2.0
196.20861678004536,1.0
205.21795918367346,1.0
208.93315192743765,1.0
209.44399092970522,0.0
217.8960544217687,1.0
242.27700680272108,3.0
242.31183673469388,4.0
