boundaries,labels
0.5108390022675737,4.0
23.49859410430839,1.0
45.41823129251701,2.0
66.03755102040816,2.0
86.00671201814059,0.0
109.18022675736961,1.0
131.65714285714284,2.0
151.02258503401362,0.0
170.99174603174603,0.0
191.0073469387755,3.0
209.76907029478457,0.0
231.8744671201814,0.0
231.88897959183674,4.0
