boundaries,labels
0.4179591836734694,5.0
19.690521541950112,3.0
34.78349206349206,4.0
51.50185941043084,1.0
67.15210884353742,4.0
84.89215419501134,2.0
92.18321995464852,4.0
109.92326530612245,4.0
127.1524716553288,1.0
169.41278911564626,2.0
192.35410430839002,2.0
209.0724716553288,2.0
226.81251700680272,2.0
269.7229931972789,2.0
269.74040816326533,5.0
