boundaries,labels
0.5108390022675737,5.0
23.49859410430839,2.0
45.41823129251701,2.0
66.03755102040816,1.0
86.00671201814059,1.0
109.18022675736961,2.0
131.65714285714284,4.0
151.02258503401362,1.0
170.99174603174603,1.0
191.0073469387755,3.0
209.76907029478457,1.0
231.8744671201814,1.0
231.88897959183674,5.0
