boundaries,labels
0.23219954648526078,10.0
16.718367346938777,4.0
18.808163265306124,0.0
49.08698412698413,6.0
80.89832199546485,5.0
86.51755102040816,8.0
150.79038548752834,2.0
188.22095238095238,7.0
209.9548299319728,3.0
217.38521541950112,1.0
242.27700680272108,9.0
242.31183673469388,10.0
