boundaries,labels
0.603718820861678,5.0
12.213696145124716,4.0
29.860861678004536,4.0
39.613242630385486,1.0
75.2326530612245,3.0
92.87981859410431,4.0
102.5857596371882,1.0
150.23310657596372,3.0
171.96698412698413,3.0
172.33850340136055,3.0
191.8897052154195,2.0
198.577052154195,1.0
201.5956462585034,1.0
229.5524716553288,3.0
229.59020408163266,5.0
