boundaries,labels
0.4179591836734694,5.0
9.520181405895691,4.0
37.05904761904762,4.0
56.099410430839,3.0
72.3998185941043,2.0
88.2358276643991,2.0
104.95419501133787,1.0
120.27936507936508,1.0
136.11537414965986,2.0
151.48698412698414,2.0
169.13414965986394,2.0
198.43773242630385,2.0
212.83410430839,2.0
241.71972789115645,2.0
241.76326530612246,5.0
