boundaries,labels
0.4179591836734694,3.0
9.520181405895691,1.0
37.05904761904762,1.0
56.099410430839,1.0
72.3998185941043,2.0
88.2358276643991,0.0
104.95419501133787,0.0
120.27936507936508,1.0
136.11537414965986,0.0
151.48698412698414,0.0
169.13414965986394,0.0
198.43773242630385,1.0
212.83410430839,0.0
241.71972789115645,0.0
241.76326530612246,3.0
