boundaries,labels
0.37151927437641724,5.0
29.257142857142856,1.0
41.65659863945578,2.0
66.780589569161,3.0
88.88598639455782,1.0
102.4,2.0
139.13396825396825,4.0
159.75328798185942,1.0
165.7904761904762,2.0
219.24281179138322,4.0
219.27183673469386,5.0
