boundaries,labels
0.37151927437641724,10.0
29.257142857142856,4.0
41.65659863945578,9.0
66.780589569161,5.0
88.88598639455782,6.0
102.4,7.0
139.13396825396825,3.0
159.75328798185942,8.0
165.7904761904762,0.0
219.24281179138322,2.0
219.27183673469386,10.0
