boundaries,labels
0.37151927437641724,4.0
29.257142857142856,0.0
41.65659863945578,2.0
66.780589569161,1.0
88.88598639455782,0.0
102.4,2.0
139.13396825396825,1.0
159.75328798185942,2.0
165.7904761904762,3.0
219.24281179138322,1.0
219.27183673469386,4.0
