boundaries,labels
0.3250793650793651,10.0
23.823673469387757,0.0
48.854784580498865,2.0
63.344036281179136,9.0
73.18929705215419,8.0
95.24825396825396,1.0
105.46503401360545,4.0
126.73451247165534,6.0
152.92662131519273,5.0
164.30439909297053,7.0
176.05369614512472,0.0
199.2736507936508,0.0
214.83102040816325,4.0
230.06331065759636,3.0
253.93342403628117,0.0
281.61160997732424,0.0
281.6261224489796,10.0
