boundaries,labels
0.3250793650793651,4.0
23.823673469387757,3.0
48.854784580498865,1.0
63.344036281179136,2.0
73.18929705215419,0.0
95.24825396825396,1.0
105.46503401360545,0.0
126.73451247165534,1.0
152.92662131519273,1.0
164.30439909297053,2.0
176.05369614512472,2.0
199.2736507936508,1.0
214.83102040816325,3.0
230.06331065759636,2.0
253.93342403628117,1.0
281.61160997732424,3.0
281.6261224489796,4.0
