boundaries,labels
3.3436734693877552,4.0
13.049614512471654,2.0
56.65668934240363,3.0
135.04725623582766,0.0
148.05043083900227,2.0
160.1712471655329,1.0
169.92362811791384,1.0
185.1094784580499,1.0
209.44399092970522,1.0
222.1685260770975,2.0
222.17142857142858,4.0
