boundaries,labels
3.3436734693877552,4.0
13.049614512471654,3.0
56.65668934240363,3.0
135.65097505668933,0.0
147.4467120181406,1.0
162.02884353741496,0.0
170.5273469387755,1.0
185.1094784580499,1.0
209.44399092970522,0.0
222.1685260770975,0.0
222.17142857142858,4.0
