boundaries,labels
0.3250793650793651,4.0
16.207528344671204,2.0
25.68126984126984,1.0
41.23863945578231,1.0
68.17378684807257,0.0
80.06240362811792,0.0
99.52072562358276,3.0
104.95419501133787,0.0
121.34748299319727,0.0
133.60761904761904,0.0
142.52408163265306,0.0
153.158820861678,2.0
162.075283446712,0.0
167.36943310657597,1.0
177.58621315192744,1.0
187.8029931972789,0.0
204.05696145124716,0.0
204.06857142857143,4.0
