boundaries,labels
0.3250793650793651,4.0
16.207528344671204,0.0
25.68126984126984,0.0
41.23863945578231,1.0
68.17378684807257,2.0
80.06240362811792,1.0
99.52072562358276,1.0
104.95419501133787,3.0
121.34748299319727,2.0
133.60761904761904,0.0
142.52408163265306,2.0
153.158820861678,0.0
162.075283446712,0.0
167.36943310657597,3.0
177.58621315192744,3.0
187.8029931972789,2.0
204.05696145124716,2.0
204.06857142857143,4.0
