boundaries,labels
0.37151927437641724,4.0
14.628571428571428,1.0
29.628662131519274,1.0
45.00027210884354,2.0
67.52362811791383,0.0
90.00054421768708,1.0
103.14303854875284,2.0
140.2485260770975,0.0
164.62947845804987,1.0
192.7720634920635,3.0
219.24281179138322,0.0
219.27183673469386,4.0
