boundaries,labels
0.37151927437641724,4.0
14.628571428571428,0.0
29.628662131519274,0.0
45.00027210884354,0.0
67.52362811791383,1.0
90.00054421768708,3.0
103.14303854875284,0.0
140.2485260770975,1.0
164.62947845804987,2.0
192.7720634920635,1.0
219.24281179138322,1.0
219.27183673469386,4.0
