boundaries,labels
0.4179591836734694,4.0
40.820680272108845,3.0
48.204625850340136,2.0
50.991020408163266,1.0
53.777414965986395,1.0
57.492607709750565,2.0
88.70022675736962,0.0
100.77460317460317,2.0
101.2390022675737,1.0
101.70340136054422,1.0
102.16780045351474,1.0
108.71582766439909,2.0
111.45578231292517,1.0
116.61061224489796,2.0
153.3445804988662,0.0
183.99492063492065,0.0
186.3633560090703,1.0
191.47174603174602,2.0
197.97333333333333,2.0
241.71972789115645,0.0
241.76326530612246,4.0
