boundaries,labels
0.3250793650793651,5.0
24.98467120181406,4.0
49.27274376417233,3.0
72.02829931972789,1.0
99.00988662131519,3.0
100.1708843537415,2.0
152.1835827664399,3.0
175.31065759637187,2.0
201.13124716553287,3.0
204.2427210884354,2.0
255.8374603174603,3.0
281.61160997732424,2.0
281.6261224489796,5.0
