boundaries,labels
0.8359183673469388,4.0
35.57297052154195,1.0
75.09333333333333,2.0
95.61977324263039,1.0
137.18349206349205,2.0
151.9049433106576,3.0
185.06303854875284,2.0
207.77215419501132,0.0
207.77795918367346,4.0
