boundaries,labels
0.4179591836734694,8.0
10.402539682539683,3.0
25.402630385487527,2.0
60.929160997732424,7.0
135.92961451247166,6.0
150.41886621315192,0.0
189.9392290249433,4.0
235.54321995464852,5.0
235.5461224489796,8.0
