boundaries,labels
0.4179591836734694,4.0
10.402539682539683,1.0
25.402630385487527,3.0
60.929160997732424,2.0
135.92961451247166,2.0
150.41886621315192,3.0
189.9392290249433,2.0
235.54321995464852,1.0
235.5461224489796,4.0
