boundaries,labels
0.4179591836734694,4.0
10.402539682539683,2.0
25.402630385487527,1.0
60.929160997732424,2.0
135.92961451247166,0.0
150.41886621315192,0.0
189.9392290249433,3.0
235.54321995464852,0.0
235.5461224489796,4.0
