boundaries,labels
0.23219954648526078,10.0
9.798820861678005,6.0
22.569795918367348,1.0
43.1891156462585,1.0
60.78984126984127,4.0
78.34412698412699,3.0
113.2669387755102,9.0
130.31038548752835,2.0
145.44979591836736,5.0
182.3695238095238,8.0
199.3665306122449,7.0
215.29541950113378,0.0
242.27700680272108,9.0
242.31183673469388,10.0
