boundaries,labels
0.09287981859410431,4.0
13.235374149659863,1.0
20.619319727891156,0.0
49.87646258503401,3.0
60.929160997732424,2.0
71.47102040816327,0.0
81.31628117913833,0.0
91.20798185941042,0.0
110.80562358276644,3.0
121.53324263038549,2.0
132.12154195011337,0.0
151.85850340136054,0.0
171.13106575963718,3.0
182.64816326530612,2.0
196.2550566893424,0.0
196.25795918367348,4.0
