boundaries,labels
0.09287981859410431,5.0
13.235374149659863,3.0
20.619319727891156,2.0
49.87646258503401,1.0
60.929160997732424,4.0
71.47102040816327,2.0
81.31628117913833,2.0
91.20798185941042,2.0
110.80562358276644,1.0
121.53324263038549,4.0
132.12154195011337,2.0
151.85850340136054,2.0
171.13106575963718,1.0
182.64816326530612,4.0
196.2550566893424,1.0
196.25795918367348,5.0
