boundaries,labels
0.09287981859410431,4.0
19.22612244897959,3.0
35.247891156462586,1.0
60.929160997732424,0.0
71.47102040816327,0.0
91.20798185941042,1.0
121.53324263038549,0.0
156.0845351473923,0.0
170.66666666666666,0.0
196.2550566893424,0.0
196.25795918367348,4.0
