boundaries,labels
0.37151927437641724,7.0
10.356099773242631,3.0
34.87637188208617,5.0
108.39074829931972,4.0
177.3540136054422,2.0
199.3665306122449,0.0
231.41006802721088,6.0
251.0077097505669,1.0
251.03673469387755,7.0
