boundaries,labels
0.5108390022675737,4.0
45.41823129251701,1.0
53.498775510204084,2.0
91.67238095238095,0.0
115.4031746031746,1.0
131.00698412698412,0.0
174.14965986394557,0.0
192.91138321995464,3.0
231.8744671201814,0.0
231.88897959183674,4.0
