boundaries,labels
0.5108390022675737,5.0
45.41823129251701,2.0
53.498775510204084,3.0
91.67238095238095,4.0
115.4031746031746,2.0
131.00698412698412,4.0
174.14965986394557,4.0
192.91138321995464,1.0
231.8744671201814,4.0
231.88897959183674,5.0
