boundaries,labels
0.5572789115646258,5.0
6.965986394557823,3.0
9.93814058956916,2.0
14.675011337868481,3.0
27.956825396825398,1.0
41.703038548752836,2.0
69.1025850340136,1.0
82.84879818594105,4.0
96.54857142857144,1.0
110.24834467120182,2.0
137.69433106575963,1.0
151.8120634920635,4.0
165.0938775510204,1.0
185.202358276644,2.0
185.20816326530613,5.0
