boundaries,labels
0.5572789115646258,10.0
6.965986394557823,9.0
9.93814058956916,5.0
14.675011337868481,5.0
27.956825396825398,8.0
41.703038548752836,2.0
69.1025850340136,7.0
82.84879818594105,9.0
96.54857142857144,6.0
110.24834467120182,2.0
137.69433106575963,4.0
151.8120634920635,5.0
165.0938775510204,0.0
185.202358276644,3.0
185.20816326530613,10.0
