boundaries,labels
0.5572789115646258,4.0
6.965986394557823,0.0
9.93814058956916,0.0
14.675011337868481,0.0
27.956825396825398,3.0
41.703038548752836,1.0
69.1025850340136,2.0
82.84879818594105,0.0
96.54857142857144,3.0
110.24834467120182,1.0
137.69433106575963,2.0
151.8120634920635,0.0
165.0938775510204,3.0
185.202358276644,1.0
185.20816326530613,4.0
