boundaries,labels
0.37151927437641724,4.0
7.151746031746032,2.0
17.2756462585034,2.0
42.0281179138322,1.0
54.381133786848075,0.0
66.780589569161,0.0
80.66612244897959,1.0
102.02848072562358,1.0
114.75301587301587,0.0
125.24843537414966,0.0
138.76244897959182,0.0
165.37251700680272,3.0
178.14349206349206,0.0
189.01043083900225,0.0
201.78140589569162,0.0
219.24281179138322,0.0
219.27183673469386,4.0
