boundaries,labels
0.37151927437641724,10.0
7.151746031746032,2.0
17.2756462585034,2.0
42.0281179138322,2.0
54.381133786848075,4.0
66.780589569161,7.0
80.66612244897959,2.0
102.02848072562358,2.0
114.75301587301587,6.0
125.24843537414966,3.0
138.76244897959182,5.0
165.37251700680272,2.0
178.14349206349206,9.0
189.01043083900225,8.0
201.78140589569162,0.0
219.24281179138322,0.0
219.27183673469386,10.0
