boundaries,labels
0.23219954648526078,4.0
9.798820861678005,2.0
22.569795918367348,3.0
43.1891156462585,3.0
60.78984126984127,0.0
78.34412698412699,0.0
113.2669387755102,3.0
130.31038548752835,0.0
145.44979591836736,0.0
182.3695238095238,0.0
199.3665306122449,0.0
215.29541950113378,0.0
242.27700680272108,0.0
242.31183673469388,4.0
