boundaries,labels
0.7894784580498866,4.0
19.59764172335601,2.0
34.319092970521545,3.0
39.938321995464854,1.0
72.95709750566894,1.0
84.14911564625851,0.0
115.68181405895692,0.0
146.70367346938775,2.0
181.85868480725622,0.0
181.89061224489797,4.0
