boundaries,labels
0.7430385487528345,5
30.882539682539683,4
140.48072562358277,3
156.40961451247165,1
176.61097505668934,2
176.6138775510204,5
