boundaries,labels
0.7430385487528345,2.0
32.13641723356009,1.0
75.60417233560091,0.0
79.27292517006802,1.0
141.1308843537415,0.0
155.80589569160998,0.0
176.61097505668934,0.0
176.6138775510204,2.0
