boundaries,labels
0.7430385487528345,4.0
30.278820861678003,3.0
32.13641723356009,2.0
74.39673469387755,1.0
81.13052154195012,2.0
133.74693877551022,1.0
155.80589569160998,0.0
176.61097505668934,0.0
176.6138775510204,4.0
