boundaries,labels
0.7430385487528345,4.0
30.278820861678003,3.0
69.65986394557824,0.0
79.27292517006802,2.0
127.98839002267573,0.0
133.14321995464852,1.0
149.07210884353742,2.0
152.74086167800453,1.0
176.61097505668934,2.0
176.6138775510204,4.0
