boundaries,labels
0.09287981859410431,4.0
10.402539682539683,3.0
22.058956916099774,3.0
59.628843537414966,0.0
97.66312925170068,1.0
121.53324263038549,0.0
156.0845351473923,0.0
182.1837641723356,0.0
196.2550566893424,1.0
196.25795918367348,4.0
