boundaries,labels
0.09287981859410431,5
10.820498866213152,4
22.523356009070294,3
58.65360544217687,2
98.63836734693878,1
121.53324263038549,2
156.0845351473923,1
181.34784580498865,2
196.2550566893424,2
196.25795918367348,5
