boundaries,labels
0.09287981859410431,4.0
10.820498866213152,3.0
22.523356009070294,1.0
59.11800453514739,0.0
96.73433106575963,2.0
121.06884353741496,0.0
156.50249433106575,2.0
186.40979591836734,0.0
196.2550566893424,1.0
196.25795918367348,4.0
