boundaries,labels
10.402539682539683,4
58.42140589569161,1
79.87664399092971,2
111.36290249433107,0
121.53324263038549,3
163.18984126984128,0
194.21170068027212,3
250.3111111111111,0
250.33142857142857,4
