boundaries,labels
6.965986394557823,4.0
14.257052154195012,3.0
69.0097052154195,0.0
81.22340136054422,1.0
93.9479365079365,1.0
121.39392290249432,1.0
141.96680272108844,2.0
156.96689342403627,2.0
181.3942857142857,2.0
207.53995464852608,1.0
225.97659863945577,1.0
250.35755102040815,3.0
