boundaries,labels
0.37151927437641724,4.0
37.384126984126986,3.0
49.412063492063496,0.0
59.396643990929704,3.0
71.37814058956916,0.0
87.91074829931972,0.0
97.8488888888889,3.0
104.35047619047619,3.0
144.84607709750566,0.0
183.85560090702947,3.0
203.87120181405896,1.0
207.35419501133788,1.0
251.0077097505669,1.0
251.03673469387755,4.0
