boundaries,labels
0.37151927437641724,4.0
37.384126984126986,0.0
49.412063492063496,1.0
59.396643990929704,1.0
70.86730158730158,1.0
71.88897959183673,2.0
87.39990929705215,1.0
100.40308390022676,1.0
103.83963718820861,2.0
145.35691609977323,0.0
183.3447619047619,3.0
251.0077097505669,3.0
251.03673469387755,4.0
