boundaries,labels
3.3436734693877552,5.0
14.86077097505669,3.0
56.05297052154195,1.0
82.05931972789115,4.0
94.55165532879819,2.0
132.77170068027212,4.0
146.33215419501133,1.0
159.5675283446712,4.0
185.1094784580499,1.0
212.50902494331066,4.0
222.1685260770975,1.0
222.17142857142858,5.0
