boundaries,labels
6.965986394557823,4
21.966077097505668,2
69.0097052154195,1
122.22984126984127,0
139.41260770975057,1
154.83065759637188,3
178.84009070294783,1
182.23020408163265,2
250.35755102040815,0
