boundaries,labels
6.965986394557823,4.0
21.966077097505668,3.0
69.0097052154195,1.0
122.22984126984127,2.0
139.41260770975057,2.0
154.83065759637188,3.0
178.84009070294783,3.0
182.23020408163265,3.0
250.35755102040815,2.0
