boundaries,labels
0.7894784580498866,4.0
38.91664399092971,3.0
65.85179138321996,1.0
72.44625850340137,2.0
75.51129251700681,0.0
78.57632653061225,0.0
106.02231292517007,1.0
110.10902494331066,2.0
116.19265306122449,2.0
145.6819954648526,3.0
181.85868480725622,1.0
181.89061224489797,4.0
