boundaries,labels
0.46439909297052157,4
15.139410430839002,3
46.53278911564626,3
89.90766439909297,1
94.9231746031746,2
134.30421768707484,1
161.56444444444443,3
213.57714285714286,1
