boundaries,labels
0.5572789115646258,4.0
16.39328798185941,3.0
27.956825396825398,0.0
42.53895691609977,1.0
68.68462585034014,0.0
83.26675736961451,0.0
96.54857142857144,0.0
111.54866213151928,1.0
137.27637188208618,0.0
151.8120634920635,0.0
162.957641723356,0.0
185.202358276644,0.0
185.20816326530613,4.0
