boundaries,labels
0.603718820861678,4.0
38.12716553287982,0.0
74.07165532879819,3.0
77.50820861678004,1.0
99.56716553287981,0.0
150.60462585034014,3.0
150.97614512471657,2.0
155.85233560090703,1.0
160.3570068027211,1.0
174.6140589569161,1.0
179.81532879818593,1.0
183.62340136054422,1.0
190.7287074829932,1.0
200.10956916099772,1.0
229.5524716553288,3.0
229.59020408163266,4.0
