boundaries,labels
0.4179591836734694,10.0
19.690521541950112,5.0
34.78349206349206,0.0
51.50185941043084,4.0
67.15210884353742,0.0
84.89215419501134,2.0
92.18321995464852,8.0
109.92326530612245,0.0
127.1524716553288,3.0
169.41278911564626,9.0
192.35410430839002,7.0
209.0724716553288,0.0
226.81251700680272,1.0
269.7229931972789,6.0
269.74040816326533,10.0
