boundaries,labels
0.4179591836734694,4.0
19.690521541950112,3.0
34.78349206349206,3.0
51.50185941043084,0.0
67.15210884353742,2.0
84.89215419501134,0.0
92.18321995464852,3.0
109.92326530612245,3.0
127.1524716553288,0.0
169.41278911564626,1.0
192.35410430839002,0.0
209.0724716553288,0.0
226.81251700680272,0.0
269.7229931972789,1.0
269.74040816326533,4.0
