boundaries,labels
0.46439909297052157,3.0
49.31918367346939,1.0
51.54829931972789,0.0
91.02222222222223,0.0
95.48045351473922,2.0
102.07492063492063,2.0
133.74693877551022,0.0
159.89260770975056,0.0
171.54902494331066,1.0
213.57714285714286,0.0
