boundaries,labels
6.965986394557823,3.0
31.393378684807256,2.0
67.80226757369614,1.0
90.97578231292518,1.0
98.2204081632653,0.0
118.79328798185941,0.0
133.3754195011338,0.0
158.26721088435374,1.0
168.1124716553288,1.0
185.66675736961452,1.0
197.2302947845805,0.0
203.2210430839002,0.0
211.34802721088437,0.0
228.94875283446711,0.0
250.35755102040815,0.0
