boundaries,labels
6.965986394557823,4.0
29.257142857142856,0.0
29.675102040816327,3.0
67.38430839002268,0.0
87.95718820861678,1.0
101.2390022675737,1.0
118.37532879818595,1.0
131.65714285714284,0.0
158.26721088435374,0.0
168.1124716553288,2.0
204.1034013605442,1.0
214.7845804988662,1.0
228.53079365079364,1.0
250.35755102040815,2.0
