boundaries,labels
0.37151927437641724,4.0
20.897959183673468,2.0
34.411972789115644,2.0
72.35337868480725,1.0
86.42467120181406,2.0
103.37523809523809,0.0
132.86458049886622,1.0
144.84607709750566,0.0
176.84317460317462,1.0
212.36970521541951,3.0
251.0077097505669,0.0
251.03673469387755,4.0
