boundaries,labels
0.4179591836734694,4.0
12.910294784580499,2.0
38.91664399092971,1.0
49.92290249433107,0.0
65.89823129251701,2.0
71.88897959183673,2.0
109.41242630385487,0.0
113.40625850340136,0.0
126.40943310657596,2.0
136.90485260770976,0.0
149.44362811791385,3.0
165.41895691609977,3.0
172.89578231292518,0.0
182.92680272108842,0.0
192.40054421768707,0.0
212.92698412698414,2.0
235.54321995464852,0.0
235.5461224489796,4.0
