boundaries,labels
0.4179591836734694,4.0
25.402630385487527,2.0
39.8918820861678,2.0
50.89814058956916,0.0
61.44,0.0
61.90439909297052,1.0
70.40290249433106,3.0
74.39673469387755,1.0
106.90467120181405,2.0
117.4465306122449,0.0
121.9047619047619,1.0
127.89551020408163,3.0
147.4467120181406,0.0
154.4126984126984,3.0
165.41895691609977,0.0
173.91746031746032,3.0
182.92680272108842,3.0
196.90521541950113,0.0
214.4130612244898,2.0
235.54321995464852,2.0
235.5461224489796,4.0
