boundaries,labels
0.5108390022675737,4.0
35.38721088435374,1.0
85.40299319727892,1.0
99.1027664399093,0.0
106.67247165532879,2.0
117.26077097505669,2.0
134.16489795918366,2.0
170.38802721088436,1.0
190.40362811791383,0.0
193.51510204081632,3.0
231.8744671201814,1.0
231.88897959183674,4.0
