boundaries,labels
0.5108390022675737,4.0
42.91047619047619,1.0
81.037641723356,2.0
82.24507936507936,0.0
83.49895691609977,0.0
117.91092970521542,0.0
134.16489795918366,0.0
147.26095238095238,0.0
156.03809523809525,0.0
169.7843083900227,0.0
194.16526077097507,3.0
209.1653514739229,0.0
210.37278911564627,0.0
231.8744671201814,0.0
231.88897959183674,4.0
