boundaries,labels
0.4179591836734694,5.0
30.093061224489794,4.0
39.42748299319728,2.0
46.81142857142857,4.0
88.70022675736962,1.0
115.21741496598639,2.0
121.7190022675737,2.0
148.700589569161,1.0
165.8833560090703,3.0
179.3509297052154,3.0
199.3665306122449,3.0
241.71972789115645,2.0
241.76326530612246,5.0
