boundaries,labels
0.4179591836734694,4.0
30.093061224489794,3.0
39.42748299319728,2.0
46.81142857142857,1.0
88.70022675736962,0.0
115.21741496598639,0.0
121.7190022675737,1.0
148.700589569161,0.0
165.8833560090703,2.0
179.3509297052154,2.0
199.3665306122449,2.0
241.71972789115645,0.0
241.76326530612246,4.0
