boundaries,labels
0.37151927437641724,10.0
27.77106575963719,2.0
46.90430839002268,9.0
55.86721088435374,3.0
58.88580498866213,4.0
69.0097052154195,5.0
88.14294784580498,2.0
106.90467120181405,8.0
140.2485260770975,0.0
162.075283446712,2.0
170.2487074829932,6.0
219.24281179138322,7.0
219.27183673469386,10.0
