boundaries,labels
10.402539682539683,3.0
42.63183673469388,1.0
60.279002267573695,1.0
78.6227664399093,2.0
124.08743764172335,2.0
162.53968253968253,0.0
194.8154195011338,0.0
250.3111111111111,0.0
250.33142857142857,3.0
