boundaries,labels
0.8359183673469388,4.0
35.57297052154195,3.0
55.077732426303854,1.0
75.60417233560091,2.0
94.55165532879819,3.0
114.56725623582767,1.0
135.60453514739228,2.0
154.55201814058958,0.0
172.43138321995465,1.0
195.0940589569161,2.0
207.77215419501132,0.0
207.77795918367346,4.0
