boundaries,labels
0.8359183673469388,10.0
35.57297052154195,4.0
55.077732426303854,1.0
75.60417233560091,7.0
94.55165532879819,3.0
114.56725623582767,2.0
135.60453514739228,9.0
154.55201814058958,8.0
172.43138321995465,2.0
195.0940589569161,6.0
207.77215419501132,5.0
207.77795918367346,10.0
