boundaries,labels
0.3250793650793651,4.0
2.7399546485260773,3.0
38.8237641723356,1.0
63.065396825396824,1.0
63.715555555555554,0.0
66.13043083900227,3.0
69.14902494331066,3.0
73.2821768707483,3.0
74.95401360544217,0.0
84.19555555555556,2.0
92.36897959183673,2.0
94.41233560090703,0.0
141.82748299319726,1.0
144.56743764172336,3.0
146.5643537414966,0.0
149.95446712018142,3.0
150.27954648526077,0.0
157.80281179138322,2.0
176.88961451247167,1.0
204.05696145124716,1.0
204.06857142857143,4.0
