boundaries,labels
0.3250793650793651,10.0
2.7399546485260773,7.0
38.8237641723356,5.0
63.065396825396824,9.0
63.715555555555554,4.0
66.13043083900227,4.0
69.14902494331066,4.0
73.2821768707483,4.0
74.95401360544217,4.0
84.19555555555556,8.0
92.36897959183673,4.0
94.41233560090703,4.0
141.82748299319726,4.0
144.56743764172336,3.0
146.5643537414966,1.0
149.95446712018142,6.0
150.27954648526077,2.0
157.80281179138322,4.0
176.88961451247167,9.0
204.05696145124716,0.0
204.06857142857143,10.0
