boundaries,labels
0.8359183673469388,5.0
35.57297052154195,4.0
55.077732426303854,3.0
75.60417233560091,3.0
94.55165532879819,4.0
114.56725623582767,3.0
135.60453514739228,3.0
154.55201814058958,2.0
172.43138321995465,3.0
195.0940589569161,3.0
207.77215419501132,1.0
207.77795918367346,5.0
