boundaries,labels
0.7430385487528345,5.0
30.278820861678003,2.0
50.20154195011338,4.0
69.1025850340136,4.0
82.94167800453515,4.0
108.99446712018141,4.0
131.47138321995465,4.0
146.61079365079365,4.0
176.61097505668934,4.0
176.6138775510204,5.0
