boundaries,labels
0.7430385487528345,4.0
30.278820861678003,3.0
50.20154195011338,0.0
69.1025850340136,0.0
82.94167800453515,1.0
108.99446712018141,2.0
131.47138321995465,0.0
146.61079365079365,0.0
176.61097505668934,0.0
176.6138775510204,4.0
