boundaries,labels
0.09287981859410431,10.0
11.795736961451247,2.0
37.52344671201814,9.0
60.09324263038549,4.0
73.3750566893424,3.0
91.20798185941042,2.0
104.6291156462585,5.0
120.23292517006803,7.0
133.51473922902494,5.0
150.9297052154195,8.0
165.74403628117915,6.0
196.2550566893424,0.0
196.25795918367348,10.0
