boundaries,labels
0.09287981859410431,5.0
11.795736961451247,1.0
37.52344671201814,3.0
60.09324263038549,2.0
73.3750566893424,4.0
91.20798185941042,4.0
104.6291156462585,3.0
120.23292517006803,2.0
133.51473922902494,4.0
150.9297052154195,4.0
165.74403628117915,3.0
196.2550566893424,3.0
196.25795918367348,5.0
