boundaries,labels
0.3250793650793651,5.0
2.7399546485260773,1.0
38.8237641723356,1.0
63.065396825396824,2.0
63.715555555555554,2.0
66.13043083900227,1.0
69.14902494331066,1.0
73.2821768707483,3.0
74.95401360544217,3.0
84.19555555555556,3.0
92.36897959183673,3.0
94.41233560090703,3.0
141.82748299319726,3.0
144.56743764172336,1.0
146.5643537414966,1.0
149.95446712018142,1.0
150.27954648526077,1.0
157.80281179138322,3.0
176.88961451247167,4.0
204.05696145124716,3.0
204.06857142857143,5.0
