boundaries,labels
0.603718820861678,4.0
38.12716553287982,3.0
77.50820861678004,2.0
99.56716553287981,1.0
150.97614512471657,2.0
155.85233560090703,2.0
160.3570068027211,2.0
174.24253968253967,2.0
179.81532879818593,1.0
183.62340136054422,1.0
190.7287074829932,1.0
200.10956916099772,1.0
229.5524716553288,3.0
229.59020408163266,4.0
