boundaries,labels
0.3250793650793651,5.0
9.798820861678005,1.0
24.61315192743764,1.0
48.48326530612245,4.0
62.136598639455784,3.0
74.3502947845805,3.0
105.46503401360545,4.0
140.0627664399093,4.0
152.1835827664399,4.0
163.56136054421768,3.0
177.26113378684806,2.0
188.26739229024943,4.0
199.2736507936508,4.0
217.5245351473923,3.0
281.61160997732424,4.0
281.6261224489796,5.0
