boundaries,labels
0.5108390022675737,10.0
41.00643990929705,0.0
42.91047619047619,5.0
81.037641723356,0.0
87.260589569161,2.0
117.26077097505669,0.0
134.16489795918366,0.0
147.26095238095238,8.0
156.03809523809525,3.0
169.7843083900227,9.0
173.49950113378685,4.0
194.16526077097507,0.0
209.1653514739229,8.0
210.37278911564627,6.0
231.8744671201814,7.0
231.88897959183674,10.0
