boundaries,labels
0.7430385487528345,9.0
17.600725623582765,8.0
65.38739229024944,1.0
89.76834467120182,6.0
105.69723356009071,2.0
137.60145124716553,7.0
151.16190476190476,5.0
175.54285714285714,0.0
199.13433106575962,4.0
199.15755102040816,9.0
