boundaries,labels
0.4179591836734694,4.0
25.402630385487527,2.0
38.40580498866213,2.0
50.43374149659864,0.0
74.39673469387755,2.0
88.37514739229024,2.0
105.92943310657597,2.0
135.92961451247166,2.0
146.42503401360545,0.0
182.92680272108842,3.0
196.90521541950113,0.0
213.90222222222224,0.0
235.54321995464852,0.0
235.5461224489796,4.0
