boundaries,labels
0.4179591836734694,4.0
31.068299319727892,1.0
39.42748299319728,1.0
56.563809523809525,1.0
86.378231292517,2.0
121.7190022675737,0.0
194.7225396825397,0.0
199.3665306122449,3.0
209.11891156462585,0.0
214.22730158730158,0.0
224.4905215419501,0.0
241.71972789115645,0.0
241.76326530612246,4.0
