boundaries,labels
0.4179591836734694,4.0
31.532698412698412,1.0
38.963083900226756,0.0
56.563809523809525,0.0
86.378231292517,1.0
121.7190022675737,1.0
194.7225396825397,2.0
199.83092970521542,3.0
209.11891156462585,0.0
213.76290249433106,3.0
224.4905215419501,0.0
241.71972789115645,3.0
241.76326530612246,4.0
