boundaries,labels
0.37151927437641724,4.0
27.77106575963719,1.0
47.275827664399095,1.0
55.49569160997732,0.0
59.628843537414966,0.0
69.0097052154195,0.0
72.77133786848073,1.0
76.90448979591837,1.0
82.15219954648526,1.0
87.77142857142857,1.0
107.27619047619048,1.0
139.8770068027211,0.0
161.65732426303856,1.0
170.66666666666666,3.0
219.24281179138322,0.0
219.27183673469386,4.0
