boundaries,labels
0.37151927437641724,4.0
27.77106575963719,0.0
45.789750566893424,0.0
55.86721088435374,1.0
59.25732426303855,2.0
70.17070294784581,1.0
72.77133786848073,2.0
76.90448979591837,2.0
82.15219954648526,2.0
87.77142857142857,1.0
106.53315192743764,0.0
139.8770068027211,3.0
161.65732426303856,0.0
170.2487074829932,1.0
219.24281179138322,3.0
219.27183673469386,4.0
