boundaries,labels
0.7430385487528345,4.0
17.600725623582765,3.0
49.458503401360545,0.0
64.92299319727891,1.0
90.69714285714285,1.0
106.16163265306122,1.0
120.69732426303855,1.0
122.83356009070295,2.0
139.45904761904762,3.0
160.07836734693876,3.0
161.93596371882086,3.0
199.13433106575962,0.0
199.15755102040816,4.0
