boundaries,labels
6.965986394557823,5.0
23.26639455782313,4.0
67.80226757369614,1.0
96.50213151927437,3.0
126.54875283446712,3.0
141.08444444444444,3.0
154.83065759637188,4.0
168.1124716553288,1.0
181.3942857142857,4.0
207.53995464852608,3.0
250.35755102040815,3.0
