boundaries,labels
0.23219954648526078,4.0
19.87628117913832,2.0
43.1891156462585,3.0
77.78684807256236,0.0
111.2235827664399,0.0
149.39718820861677,3.0
166.44063492063492,1.0
183.9484807256236,1.0
211.58022675736962,0.0
242.27700680272108,0.0
242.31183673469388,4.0
