boundaries,labels
0.23219954648526078,5.0
19.87628117913832,1.0
43.1891156462585,4.0
77.78684807256236,2.0
111.2235827664399,3.0
149.39718820861677,2.0
166.44063492063492,4.0
183.9484807256236,4.0
211.58022675736962,2.0
242.27700680272108,4.0
242.31183673469388,5.0
